site,name,salary_min,salary_max,salary,firma,city,link
superjob.ru,Программист-консультант 1С в Отдел поддержки пользователей,125000,125000,от 125 000 ₽,ФПГ Энергоконтракт,"Москва,Смоленская",https://www.superjob.ru/vakansii/programmist-konsultant-1s-v-otdel-podderzhki-polzovatelej-33105316.html
superjob.ru,Программист-аналитик 1С,76000,76000,от 76 000 ₽,Кадровый Центр на Сокольнической Площади,Москва,https://www.superjob.ru/vakansii/programmist-analitik-1s-32585359.html
superjob.ru,Программист ABAP (специалист по разработке программ и интерфейсов),200000,200000,от 200 000 ₽,Группа компаний СНС,Москва,https://www.superjob.ru/vakansii/programmist-abap-32757534.html
superjob.ru,Программист 1С,120000,120000,120 000 ₽,Квадриго сервис,Москва,https://www.superjob.ru/vakansii/programmist-1s-32499165.html
superjob.ru,Программист Битрикс,150000,150000,150 000 ₽,Кадровый Центр на Сокольнической Площади,"Москва,Шоссе Энтузиастов",https://www.superjob.ru/vakansii/programmist-bitriks-33004178.html
superjob.ru,Ведущий программист 1С 8,150000,150000,от 150 000 ₽,Симбат,"Москва,Молодежная",https://www.superjob.ru/vakansii/veduschij-programmist-1s-8-32399181.html
superjob.ru,Консультант-программист 1С,90000,90000,90 000 ₽,Альпиндустрия,Москва,https://www.superjob.ru/vakansii/konsultant-programmist-1s-33102750.html
superjob.ru,Программист 1С,120000,120000,120 000 ₽,Бейби Арт,Москва,https://www.superjob.ru/vakansii/programmist-1s-32968375.html
superjob.ru,Технолог-программист ЧПУ,80000,91000,80 000 — 91 000 ₽,Экспресс,Москва,https://www.superjob.ru/vakansii/tehnolog-programmist-chpu-32854763.html
superjob.ru,Программист PL/SQL,100000,100000,100 000 ₽,Межрегиональная инспекция ФНС России по камеральному контролю,"Москва,Павелецкая",https://www.superjob.ru/vakansii/programmist-pl-32261500.html
superjob.ru,Программист 1С 8,110000,130000,110 000 — 130 000 ₽,Лидер,Москва,https://www.superjob.ru/vakansii/programmist-1s-8-32967759.html
superjob.ru,Программист,50000,50000,от 50 000 ₽,Детская городская поликлиника № 48,Москва,https://www.superjob.ru/vakansii/programmist-30223373.html
superjob.ru,Программист 1С,100000,100000,от 100 000 ₽,КИВИ Банк,"Москва,Чертановская",https://www.superjob.ru/vakansii/programmist-1s-31989516.html
superjob.ru,PHP программист (Yii фреймворк),80000,110000,80 000 — 110 000 ₽,КАУРИ,"Москва,Новые Черемушки",https://www.superjob.ru/vakansii/php-programmist-32913717.html
superjob.ru,Программист Битрикс (Bitrix),130000,130000,от 130 000 ₽,МАКСЛЕВЕЛ,Москва,https://www.superjob.ru/vakansii/programmist-bitriks-25474452.html
superjob.ru,Программист 1С,100000,100000,от 100 000 ₽,Аптеки Столички / Нео-Фарм,"Москва,Полежаевская",https://www.superjob.ru/vakansii/programmist-1s-33066209.html
superjob.ru,Программист PHP,80000,80000,от 80 000 ₽,ЛАЙТ,Москва,https://www.superjob.ru/vakansii/programmist-php-32416753.html
superjob.ru,Программист C/С++,120000,120000,120 000 ₽,НПП Гарант Сервис,Москва,https://www.superjob.ru/vakansii/programmist-c-32118024.html
superjob.ru,Программист C#,160000,160000,от 160 000 ₽,Сеть медицинских клиник «ИММА» («IMMA»),"Москва,Юго-Западная",https://www.superjob.ru/vakansii/programmist-c-30558941.html
superjob.ru,Программист 1С,150000,150000,от 150 000 ₽,Либхерр-Русланд,"Москва,Киевская, Парк Победы и ещё 5 станций",https://www.superjob.ru/vakansii/programmist-1s-31951081.html
superjob.ru,Программист 1С,150000,150000,от 150 000 ₽,Компания ТДО,Москва,https://www.superjob.ru/vakansii/programmist-1s-32481232.html
superjob.ru,Программист PHP,60000,90000,60 000 — 90 000 ₽,Коммерсантъ КАРТОТЕКА,"Москва,Профсоюзная",https://www.superjob.ru/vakansii/programmist-php-11745834.html
superjob.ru,Программист 1С 8.3,80000,80000,от 80 000 ₽,Гарантэнерго,"Москва,Водный стадион, Коптево",https://www.superjob.ru/vakansii/programmist-1s-8-33044777.html
superjob.ru,Программист 1С,150000,150000,150 000 — 150 000 ₽,"БУДЬ ЗДОРОВ, Клиника","Москва,Парк Победы",https://www.superjob.ru/vakansii/programmist-1s-33096496.html
superjob.ru,Программист 1С,200000,200000,200 000 ₽,PUBLIC TOTEM (ООО ПИКСЕЛПРО),Москва,https://www.superjob.ru/vakansii/programmist-1s-33061884.html
superjob.ru,Программист-разработчик Битрикс,100000,120000,100 000 — 120 000 ₽,We R.Signs,"Москва,Электрозаводская",https://www.superjob.ru/vakansii/programmist-razrabotchik-bitriks-32554227.html
superjob.ru,Программист 1С,130000,130000,от 130 000 ₽,7ЦВЕТОВ и 7ЦВЕТОВ Декор,Москва,https://www.superjob.ru/vakansii/programmist-1s-27469380.html
superjob.ru,Инженер-программист станков с ЧПУ / Оператор-программист ЧПУ TruPuch 1000,65000,65000,от 65 000 ₽,АлПлант,Москва,https://www.superjob.ru/vakansii/inzhener-programmist-stankov-s-chpu-32517168.html
superjob.ru,Программист 1C,150000,150000,150 000 ₽,Такси «Шоколад»,Москва,https://www.superjob.ru/vakansii/programmist-1c-32954813.html
superjob.ru,Программист 1С,100000,170000,100 000 — 170 000 ₽,СтройТерминал Центр Красок,Москва,https://www.superjob.ru/vakansii/programmist-1s-32174069.html
superjob.ru,Программист 1С,160000,200000,160 000 — 200 000 ₽,Яркий - Сеть магазинов детских товаров / Мегастор,Москва,https://www.superjob.ru/vakansii/programmist-1s-32562644.html
superjob.ru,Программист 1С,110000,110000,от 110 000 ₽,СТОЛИЧКИ,Москва,https://www.superjob.ru/vakansii/programmist-1s-32859201.html
superjob.ru,Программист 1С,100000,100000,100 000 ₽,"ПАО ""НПП ""Импульс""",Москва,https://www.superjob.ru/vakansii/programmist-1s-31216750.html
superjob.ru,Инженер-программист центра информационных технологий,45000,60000,45 000 — 60 000 ₽,"Российский государственный университет физической культуры, спорта, молодежи и туризма",Москва,https://www.superjob.ru/vakansii/inzhener-programmist-centra-informacionnyh-tehnologij-32029510.html
superjob.ru,Программист 1С,120000,120000,120 000 ₽,Руссо Упак,Москва,https://www.superjob.ru/vakansii/programmist-1s-32221172.html
superjob.ru,"Web-инженер, программист C/C++",70000,250000,70 000 — 250 000 ₽,СДЛ-Софт,Москва,https://www.superjob.ru/vakansii/web-inzhener-31784832.html
superjob.ru,Программист С++/Qt,70000,70000,от 70 000 ₽,Кадровое агентство уникальных специалистов,"Москва,Южная",https://www.superjob.ru/vakansii/programmist-s-32839708.html
superjob.ru,Инженер-программист ПЛИС (FPGA),90000,90000,от 90 000 ₽,НРТБ,Москва,https://www.superjob.ru/vakansii/inzhener-programmist-plis-31564275.html
superjob.ru,Помощник программиста 1С,54000,64000,54 000 — 64 000 ₽,Леонардо,"Москва,Авиамоторная",https://www.superjob.ru/vakansii/pomoschnik-programmista-1s-30873925.html
superjob.ru,Ведущий инженер-программист,70000,70000,от 70 000 ₽,"""Корпорация ""ВНИИЭМ""","Москва,Красные ворота",https://www.superjob.ru/vakansii/veduschij-inzhener-programmist-31999811.html
superjob.ru,Программист 1С,65000,80000,65 000 — 80 000 ₽,ЭкоСтиль,Москва,https://www.superjob.ru/vakansii/programmist-1s-32201617.html
superjob.ru,Программист-консультант 1С,160000,160000,160 000 ₽,Смарт-Т,"Москва,Волгоградский проспект",https://www.superjob.ru/vakansii/programmist-konsultant-1s-33026916.html
superjob.ru,Программист 1С (ERP),140000,140000,от 140 000 ₽,Балтийский текстиль,"Москва,Новогиреево, Рязанский проспект и ещё 1 станция",https://www.superjob.ru/vakansii/programmist-1s-32360558.html
superjob.ru,Программист 1С,130000,130000,130 000 ₽,НИТУ «МИСиС»,Москва,https://www.superjob.ru/vakansii/programmist-1s-32900555.html
superjob.ru,Программист 1С,158000,158000,158 000 ₽,Бетховен,"Москва,Нагатинская, Нагорная и ещё 1 станция",https://www.superjob.ru/vakansii/programmist-1s-32430883.html
superjob.ru,Программист 1С / Стажер,60000,60000,от 60 000 ₽,ПРИМА,"Москва,Ховрино",https://www.superjob.ru/vakansii/programmist-1s-33086945.html
superjob.ru,"Программист Java, C++",80000,80000,от 80 000 ₽,"АО ""ФЦНИВТ ""СНПО ""Элерон""",Москва,https://www.superjob.ru/vakansii/programmist-java-31351380.html
superjob.ru,Программист 1С,170000,170000,170 000 ₽,Кадровое агентство уникальных специалистов,"Москва,Краснопресненская",https://www.superjob.ru/vakansii/programmist-1s-32668857.html
superjob.ru,Программист 1С (УТ/ Розница),120000,120000,120 000 ₽,АПХ МИРАТОРГ,Москва,https://www.superjob.ru/vakansii/programmist-1s-32678838.html
superjob.ru,Программист 1C,130000,130000,от 130 000 ₽,Daewoo Power Products,"Москва,Тушинская, Волоколамская и ещё 1 станция",https://www.superjob.ru/vakansii/programmist-1c-32151301.html
superjob.ru,Программист 1С,190000,190000,190 000 ₽,УК Первая нерудная компания,"Москва,Кропоткинская, Парк Культуры",https://www.superjob.ru/vakansii/programmist-1s-32650148.html
superjob.ru,Программист 1С,120000,150000,120 000 — 150 000 ₽,Национальная электротехническая компания Морозова,Москва,https://www.superjob.ru/vakansii/programmist-1s-31819336.html
superjob.ru,Ведущий программист 1С,150000,150000,от 150 000 ₽,Консалтинговая группа ЕРМАК,"Москва,Площадь Ильича, Римская",https://www.superjob.ru/vakansii/veduschij-programmist-1s-32250396.html
superjob.ru,Веб-программист (PHP),90000,90000,90 000 — 90 000 ₽,НПП Гарант Сервис Университет,Москва,https://www.superjob.ru/vakansii/veb-programmist-31375774.html
superjob.ru,Программист 1С,120000,150000,120 000 — 150 000 ₽,СТРАТЕГИЯ,Москва,https://www.superjob.ru/vakansii/programmist-1s-32866785.html
superjob.ru,Программист SQL,120000,120000,120 000 ₽,НПП Гарант Сервис Университет,"Москва,Ломоносовский проспект",https://www.superjob.ru/vakansii/programmist-sql-32767326.html
superjob.ru,Программист Delphi,100000,113000,100 000 — 113 000 ₽,АНО СОШ Академическая Гимназия,"Москва,Сокольники",https://www.superjob.ru/vakansii/programmist-delphi-30280217.html
superjob.ru,Программист 1С,100000,100000,от 100 000 ₽,Стаффмикс,"Москва,Румянцево",https://www.superjob.ru/vakansii/programmist-1s-32822838.html
superjob.ru,Программист-разработчик CRM Битрикс (Bitrix),50000,100000,50 000 — 100 000 ₽,Новые технологии,"Москва,Строгино",https://www.superjob.ru/vakansii/programmist-razrabotchik-crm-bitriks-32808077.html
hh.ru,Веб-разработчик,100000,,до 100 000 руб., ИНКОМ-НЕДВИЖИМОСТЬ,Москва,https://hh.ru/vacancy/33961688?query=%D0%9F%D1%80%D0%BE%D0%B3%D1%80%D0%B0%D0%BC%D0%BC%D0%B8%D1%81%D1%82
hh.ru,Программист С++/Qt,80000,,от 80 000 руб., Cappasity Inc.,Москва,https://hh.ru/vacancy/31273030?query=%D0%9F%D1%80%D0%BE%D0%B3%D1%80%D0%B0%D0%BC%D0%BC%D0%B8%D1%81%D1%82
hh.ru,Программист iOS (Swift),80000,,от 80 000 руб., Cappasity Inc.,Москва,https://hh.ru/vacancy/31399856?query=%D0%9F%D1%80%D0%BE%D0%B3%D1%80%D0%B0%D0%BC%D0%BC%D0%B8%D1%81%D1%82
hh.ru,Senior java developer,200000,,от 200 000 руб., HeadHunter::Backend,"Москва, Алексеевская",https://hh.ru/vacancy/32893126?query=%D0%9F%D1%80%D0%BE%D0%B3%D1%80%D0%B0%D0%BC%D0%BC%D0%B8%D1%81%D1%82
hh.ru,C# разработчик,120000,160000,120 000-160 000 руб., Mindbox,"Москва, Белорусская и еще 1 ",https://hh.ru/vacancy/33261852?query=%D0%9F%D1%80%D0%BE%D0%B3%D1%80%D0%B0%D0%BC%D0%BC%D0%B8%D1%81%D1%82
hh.ru,Senior PHP developer,140000,200000,140 000-200 000 руб., Zoon.ru,Москва,https://hh.ru/vacancy/34377223?query=%D0%9F%D1%80%D0%BE%D0%B3%D1%80%D0%B0%D0%BC%D0%BC%D0%B8%D1%81%D1%82
hh.ru,Программист Javascript (Node.js),120000,,от 120 000 руб., Cappasity Inc.,Москва,https://hh.ru/vacancy/31273029?query=%D0%9F%D1%80%D0%BE%D0%B3%D1%80%D0%B0%D0%BC%D0%BC%D0%B8%D1%81%D1%82
hh.ru,Фронтэнд девелопер,98700,141000,1 400-2 000 EUR, Lunu Solutions GmbH,Москва,https://hh.ru/vacancy/34539462?query=%D0%9F%D1%80%D0%BE%D0%B3%D1%80%D0%B0%D0%BC%D0%BC%D0%B8%D1%81%D1%82
hh.ru,Senior WEB-Developer,250000,,до 250 000 руб., CBS Interactive,"Москва, Павелецкая",https://hh.ru/vacancy/30025456?query=%D0%9F%D1%80%D0%BE%D0%B3%D1%80%D0%B0%D0%BC%D0%BC%D0%B8%D1%81%D1%82
hh.ru,Senior Full Stack Developer .NET,250000,,до 250 000 руб., CBS Interactive,"Москва, Павелецкая",https://hh.ru/vacancy/33100559?query=%D0%9F%D1%80%D0%BE%D0%B3%D1%80%D0%B0%D0%BC%D0%BC%D0%B8%D1%81%D1%82
hh.ru,Ведущий разработчик Python / Software development / Team lead,200000,,от 200 000 руб., CATAPULTO.RU,Москва,https://hh.ru/vacancy/34200113?query=%D0%9F%D1%80%D0%BE%D0%B3%D1%80%D0%B0%D0%BC%D0%BC%D0%B8%D1%81%D1%82
hh.ru,Frontend разработчик,140000,150000,140 000-150 000 руб., Мирафокс,Москва,https://hh.ru/vacancy/34591916?query=%D0%9F%D1%80%D0%BE%D0%B3%D1%80%D0%B0%D0%BC%D0%BC%D0%B8%D1%81%D1%82
hh.ru,PHP программист,80000,140000,80 000-140 000 руб., АНО ДПО ИПК ТЕХНОПРОГРЕСС,"Москва, Технопарк",https://hh.ru/vacancy/32924154?query=%D0%9F%D1%80%D0%BE%D0%B3%D1%80%D0%B0%D0%BC%D0%BC%D0%B8%D1%81%D1%82
hh.ru,Web-разработчик,120000,150000,120 000-150 000 руб., La Redoute Rus,Москва,https://hh.ru/vacancy/34587118?query=%D0%9F%D1%80%D0%BE%D0%B3%D1%80%D0%B0%D0%BC%D0%BC%D0%B8%D1%81%D1%82
hh.ru,Программист 1С,120000,200000,120 000-200 000 руб., АВТОСПАР,"Москва, Алтуфьево",https://hh.ru/vacancy/34550658?query=%D0%9F%D1%80%D0%BE%D0%B3%D1%80%D0%B0%D0%BC%D0%BC%D0%B8%D1%81%D1%82
hh.ru,Программист Android (Kotlin),100000,,от 100 000 руб., Cappasity Inc.,Москва,https://hh.ru/vacancy/32379471?query=%D0%9F%D1%80%D0%BE%D0%B3%D1%80%D0%B0%D0%BC%D0%BC%D0%B8%D1%81%D1%82
hh.ru,Программист 1С,75000,85000,75 000-85 000 руб.,ООО Асист-ПРО,Москва,https://hh.ru/vacancy/34579442?query=%D0%9F%D1%80%D0%BE%D0%B3%D1%80%D0%B0%D0%BC%D0%BC%D0%B8%D1%81%D1%82
hh.ru,"Front-end Developer (JavaScript, React)",150000,,от 150 000 руб., HeadHunter::Frontend,"Москва, Алексеевская",https://hh.ru/vacancy/32077832?query=%D0%9F%D1%80%D0%BE%D0%B3%D1%80%D0%B0%D0%BC%D0%BC%D0%B8%D1%81%D1%82
hh.ru,Web-программист Python,120000,,от 120 000 руб., Сионик,Москва,https://hh.ru/vacancy/34510621?query=%D0%9F%D1%80%D0%BE%D0%B3%D1%80%D0%B0%D0%BC%D0%BC%D0%B8%D1%81%D1%82
hh.ru,Ведущий программист / разработчик 1С,90000,,от 90 000 руб., Сеть магазинов обуви Mario Berluchi,"Москва, Текстильщики",https://hh.ru/vacancy/34556417?query=%D0%9F%D1%80%D0%BE%D0%B3%D1%80%D0%B0%D0%BC%D0%BC%D0%B8%D1%81%D1%82
hh.ru,Android разработчик (Java),60000,,до 60 000 руб.,ООО Пауэр Шер Солюшен,"Москва, Сокольники",https://hh.ru/vacancy/34590538?query=%D0%9F%D1%80%D0%BE%D0%B3%D1%80%D0%B0%D0%BC%D0%BC%D0%B8%D1%81%D1%82
hh.ru,Web-разработчик,100000,160000,100 000-160 000 руб.,ООО С-Протект,Москва,https://hh.ru/vacancy/34308575?query=%D0%9F%D1%80%D0%BE%D0%B3%D1%80%D0%B0%D0%BC%D0%BC%D0%B8%D1%81%D1%82
hh.ru,Vue-разработчик,70000,,от 70 000 руб.,ООО Рубикон,Москва,https://hh.ru/vacancy/34578305?query=%D0%9F%D1%80%D0%BE%D0%B3%D1%80%D0%B0%D0%BC%D0%BC%D0%B8%D1%81%D1%82
hh.ru,"Senior Front-end Developer (JavaScript, React)",200000,,от 200 000 руб., HeadHunter::Frontend,"Москва, Алексеевская",https://hh.ru/vacancy/32144172?query=%D0%9F%D1%80%D0%BE%D0%B3%D1%80%D0%B0%D0%BC%D0%BC%D0%B8%D1%81%D1%82
hh.ru,Middle frontend-разработчик,120000,150000,120 000-150 000 руб., Black Wall Group,"Москва, Проспект Мира и еще 1 ",https://hh.ru/vacancy/34149287?query=%D0%9F%D1%80%D0%BE%D0%B3%D1%80%D0%B0%D0%BC%D0%BC%D0%B8%D1%81%D1%82
hh.ru,Разработчик мобильных приложений (Аndroid),105750,141000,1 500-2 000 EUR, Lunu Solutions GmbH,Москва,https://hh.ru/vacancy/34539506?query=%D0%9F%D1%80%D0%BE%D0%B3%D1%80%D0%B0%D0%BC%D0%BC%D0%B8%D1%81%D1%82
hh.ru,Инженер-программист ( front-end developer ) junior/middle,100000,140000,100 000-140 000 руб., Институт прикладных экономических исследований РАНХиГС при Президенте Российской Федерации,"Москва, Юго-Западная",https://hh.ru/vacancy/32697772?query=%D0%9F%D1%80%D0%BE%D0%B3%D1%80%D0%B0%D0%BC%D0%BC%D0%B8%D1%81%D1%82
hh.ru,Программист в Германию,197400,352500,2 800-5 000 EUR,ООО КА Семья успеха,Москва,https://hh.ru/vacancy/34239365?query=%D0%9F%D1%80%D0%BE%D0%B3%D1%80%D0%B0%D0%BC%D0%BC%D0%B8%D1%81%D1%82
hh.ru,Программист,120000,,от 120 000 руб.,ООО АВАНТИС3Д,"Москва, Калужская",https://hh.ru/vacancy/34397645?query=%D0%9F%D1%80%D0%BE%D0%B3%D1%80%D0%B0%D0%BC%D0%BC%D0%B8%D1%81%D1%82
hh.ru,Прикладной программист (Front-end программист),100000,150000,100 000-150 000 руб., AERODISK,"Москва, Калужская",https://hh.ru/vacancy/34546136?query=%D0%9F%D1%80%D0%BE%D0%B3%D1%80%D0%B0%D0%BC%D0%BC%D0%B8%D1%81%D1%82
hh.ru,Программист-разработчик 1 С,150000,150000,150 000-150 000 руб.,ИП Дубовицкая Светлана Владимировна,Москва,https://hh.ru/vacancy/34384656?query=%D0%9F%D1%80%D0%BE%D0%B3%D1%80%D0%B0%D0%BC%D0%BC%D0%B8%D1%81%D1%82
hh.ru,Программист 1C,150000,200000,150 000-200 000 руб.," Акушерство.ru, Компания","Москва, Рязанский проспект",https://hh.ru/vacancy/34383035?query=%D0%9F%D1%80%D0%BE%D0%B3%D1%80%D0%B0%D0%BC%D0%BC%D0%B8%D1%81%D1%82
hh.ru,Инженер-разработчик (программист микроконтроллеров),100000,,от 100 000 руб.,ООО Парус электро,"Москва, Царицыно",https://hh.ru/vacancy/33924627?query=%D0%9F%D1%80%D0%BE%D0%B3%D1%80%D0%B0%D0%BC%D0%BC%D0%B8%D1%81%D1%82
hh.ru,Программист,100000,,от 100 000 руб., БТЕ,Москва,https://hh.ru/vacancy/34388452?query=%D0%9F%D1%80%D0%BE%D0%B3%D1%80%D0%B0%D0%BC%D0%BC%D0%B8%D1%81%D1%82
hh.ru,Программист,60000,,от 60 000 руб.,ООО СТОУН-XXI,Москва,https://hh.ru/vacancy/33521228?query=%D0%9F%D1%80%D0%BE%D0%B3%D1%80%D0%B0%D0%BC%D0%BC%D0%B8%D1%81%D1%82
hh.ru,Backend разработчик (.NET),150000,170000,150 000-170 000 руб.," АйТи Гео, ООО (IT GEO)","Москва, Бауманская",https://hh.ru/vacancy/34099140?query=%D0%9F%D1%80%D0%BE%D0%B3%D1%80%D0%B0%D0%BC%D0%BC%D0%B8%D1%81%D1%82
hh.ru,Программист,85000,,от 85 000 руб.,ЗАО Элсиэл,"Москва, Сходненская",https://hh.ru/vacancy/34646714?query=%D0%9F%D1%80%D0%BE%D0%B3%D1%80%D0%B0%D0%BC%D0%BC%D0%B8%D1%81%D1%82
hh.ru,Junior программист С#,55000,70000,55 000-70 000 руб.," АРМО, ГК","Москва, Динамо",https://hh.ru/vacancy/34200617?query=%D0%9F%D1%80%D0%BE%D0%B3%D1%80%D0%B0%D0%BC%D0%BC%D0%B8%D1%81%D1%82
hh.ru,Программист SQL,90000,120000,90 000-120 000 руб., Гарант,Москва,https://hh.ru/vacancy/33932334?query=%D0%9F%D1%80%D0%BE%D0%B3%D1%80%D0%B0%D0%BC%D0%BC%D0%B8%D1%81%D1%82
hh.ru,Программист-стажер,52000,,от 52 000 руб., ALEXROVICH.RU,Москва,https://hh.ru/vacancy/34302427?query=%D0%9F%D1%80%D0%BE%D0%B3%D1%80%D0%B0%D0%BC%D0%BC%D0%B8%D1%81%D1%82
hh.ru,Программист SQL,80000,,от 80 000 руб.,ООО Аврора-ИТ,"Москва, Сокольники и еще 2 ",https://hh.ru/vacancy/34632655?query=%D0%9F%D1%80%D0%BE%D0%B3%D1%80%D0%B0%D0%BC%D0%BC%D0%B8%D1%81%D1%82
hh.ru,Программист-разработчик Microsoft DAX,200000,,от 200 000 руб.,ООО Гарез и партнеры,Москва,https://hh.ru/vacancy/34237868?query=%D0%9F%D1%80%D0%BE%D0%B3%D1%80%D0%B0%D0%BC%D0%BC%D0%B8%D1%81%D1%82
hh.ru,Программист 1C,100000,120000,100 000-120 000 руб.,ООО ГБА,Москва,https://hh.ru/vacancy/34325346?query=%D0%9F%D1%80%D0%BE%D0%B3%D1%80%D0%B0%D0%BC%D0%BC%D0%B8%D1%81%D1%82
hh.ru,Программист искусственный интеллект,120000,,от 120 000 руб.,ООО АВАНТИС3Д,"Москва, Калужская",https://hh.ru/vacancy/34397814?query=%D0%9F%D1%80%D0%BE%D0%B3%D1%80%D0%B0%D0%BC%D0%BC%D0%B8%D1%81%D1%82
hh.ru,Инженер-программист микроконтроллеров,100000,140000,100 000-140 000 руб., Компания ДЭП,"Москва, Пражская",https://hh.ru/vacancy/34445691?query=%D0%9F%D1%80%D0%BE%D0%B3%D1%80%D0%B0%D0%BC%D0%BC%D0%B8%D1%81%D1%82
hh.ru,Junior программист C++,60000,80000,60 000-80 000 руб.," АРМО, ГК","Москва, Динамо",https://hh.ru/vacancy/34559224?query=%D0%9F%D1%80%D0%BE%D0%B3%D1%80%D0%B0%D0%BC%D0%BC%D0%B8%D1%81%D1%82
hh.ru,Программист 1C,120000,180000,120 000-180 000 руб., АРДЕЙЛ,"Москва, Нагатинская",https://hh.ru/vacancy/34452773?query=%D0%9F%D1%80%D0%BE%D0%B3%D1%80%D0%B0%D0%BC%D0%BC%D0%B8%D1%81%D1%82
hh.ru,Веб-разработчик / Web developer,120000,180000,120 000-180 000 руб., FUSION CORE,"Москва, Сокол",https://hh.ru/vacancy/34634797?query=%D0%9F%D1%80%D0%BE%D0%B3%D1%80%D0%B0%D0%BC%D0%BC%D0%B8%D1%81%D1%82
hh.ru,Ведущий программист C# (алгоритмист),180000,,от 180 000 руб.,ООО Аксель Телеметрия,"Москва, Минская",https://hh.ru/vacancy/34555650?query=%D0%9F%D1%80%D0%BE%D0%B3%D1%80%D0%B0%D0%BC%D0%BC%D0%B8%D1%81%D1%82
hh.ru,Web-программист,100000,150000,100 000-150 000 руб.,ИП Карабашева Мадина Борисовна,Москва,https://hh.ru/vacancy/34369826?query=%D0%9F%D1%80%D0%BE%D0%B3%D1%80%D0%B0%D0%BC%D0%BC%D0%B8%D1%81%D1%82
hh.ru,Senior Python разработчик (GO),211500,,от 3 000 EUR,ООО Анлиминт,"Москва, Бауманская",https://hh.ru/vacancy/34644534?query=%D0%9F%D1%80%D0%BE%D0%B3%D1%80%D0%B0%D0%BC%D0%BC%D0%B8%D1%81%D1%82
hh.ru,Front-end -разработчик/ HTML- верстальщик,120000,,от 120 000 руб.,ООО Хилби,Москва,https://hh.ru/vacancy/34638581?query=%D0%9F%D1%80%D0%BE%D0%B3%D1%80%D0%B0%D0%BC%D0%BC%D0%B8%D1%81%D1%82
hh.ru,Программист C#,120000,170000,120 000-170 000 руб., ITV,Москва,https://hh.ru/vacancy/34448763?query=%D0%9F%D1%80%D0%BE%D0%B3%D1%80%D0%B0%D0%BC%D0%BC%D0%B8%D1%81%D1%82
hh.ru,PHP-разработчик,140000,180000,140 000-180 000 руб., Plovpoint.ru,"Москва, Белорусская и еще 1 ",https://hh.ru/vacancy/34645319?query=%D0%9F%D1%80%D0%BE%D0%B3%D1%80%D0%B0%D0%BC%D0%BC%D0%B8%D1%81%D1%82
hh.ru,Программист С++ Senior,500000,,до 500 000 руб.,ООО Айти Прайм,Москва,https://hh.ru/vacancy/33581894?query=%D0%9F%D1%80%D0%BE%D0%B3%D1%80%D0%B0%D0%BC%D0%BC%D0%B8%D1%81%D1%82
hh.ru,Go разработчик,120000,250000,120 000-250 000 руб., Ключевые ИТ Решения,"Москва, Цветной бульвар",https://hh.ru/vacancy/34326301?query=%D0%9F%D1%80%D0%BE%D0%B3%D1%80%D0%B0%D0%BC%D0%BC%D0%B8%D1%81%D1%82
hh.ru,Front-end Разработчик,150000,,от 150 000 руб.,ООО Метротел,Москва,https://hh.ru/vacancy/34033779?query=%D0%9F%D1%80%D0%BE%D0%B3%D1%80%D0%B0%D0%BC%D0%BC%D0%B8%D1%81%D1%82
hh.ru,Программист С#,120000,,до 120 000 руб., ЕТС груп,"Москва, Улица Академика Янгеля",https://hh.ru/vacancy/34322633?query=%D0%9F%D1%80%D0%BE%D0%B3%D1%80%D0%B0%D0%BC%D0%BC%D0%B8%D1%81%D1%82
hh.ru,Программист 1C 8,60000,100000,60 000-100 000 руб.,ООО Косинус - 99,"Москва, Новокузнецкая",https://hh.ru/vacancy/34556961?query=%D0%9F%D1%80%D0%BE%D0%B3%D1%80%D0%B0%D0%BC%D0%BC%D0%B8%D1%81%D1%82
